age,anaemia,creatinine_phosphokinase,diabetes,ejection_fraction,high_blood_pressure,platelets,serum_creatinine,serum_sodium,sex,smoking,time,DEATH_EVENT
75,no,582,no,20,yes,265000,1.9,130,male,no,4,yes
55,no,7861,no,38,no,263358.03,1.1,136,male,no,6,yes
65,no,146,no,20,no,162000,1.3,129,male,yes,7,yes
50,yes,111,no,20,no,210000,1.9,137,male,no,7,yes
65,yes,160,yes,20,no,327000,2.7,116,female,no,8,yes
90,yes,47,no,40,yes,204000,2.1,132,male,yes,8,yes
75,yes,246,no,15,no,127000,1.2,137,male,no,10,yes
60,yes,315,yes,60,no,454000,1.1,131,male,yes,10,yes
65,no,157,no,65,no,263358.03,1.5,138,female,no,10,yes
80,yes,123,no,35,yes,388000,9.4,133,male,yes,10,yes
75,yes,81,no,38,yes,368000,4,131,male,yes,10,yes
62,no,231,no,25,yes,253000,0.9,140,male,yes,10,yes
45,yes,981,no,30,no,136000,1.1,137,male,no,11,yes
50,yes,168,no,38,yes,276000,1.1,137,male,no,11,yes
49,yes,80,no,30,yes,427000,1,138,female,no,12,no
82,yes,379,no,50,no,47000,1.3,136,male,no,13,yes
87,yes,149,no,38,no,262000,0.9,140,male,no,14,yes
45,no,582,no,14,no,166000,0.8,127,male,no,14,yes
70,yes,125,no,25,yes,237000,1,140,female,no,15,yes
48,yes,582,yes,55,no,87000,1.9,121,female,no,15,yes
65,yes,52,no,25,yes,276000,1.3,137,female,no,16,no
65,yes,128,yes,30,yes,297000,1.6,136,female,no,20,yes
68,yes,220,no,35,yes,289000,0.9,140,male,yes,20,yes
53,no,63,yes,60,no,368000,0.8,135,male,no,22,no
75,no,582,yes,30,yes,263358.03,1.83,134,female,no,23,yes
80,no,148,yes,38,no,149000,1.9,144,male,yes,23,yes
95,yes,112,no,40,yes,196000,1,138,female,no,24,yes
70,no,122,yes,45,yes,284000,1.3,136,male,yes,26,yes
58,yes,60,no,38,no,153000,5.8,134,male,no,26,yes
82,no,70,yes,30,no,200000,1.2,132,male,yes,26,yes
94,no,582,yes,38,yes,263358.03,1.83,134,male,no,27,yes
85,no,23,no,45,no,360000,3,132,male,no,28,yes
50,yes,249,yes,35,yes,319000,1,128,female,no,28,yes
50,yes,159,yes,30,no,302000,1.2,138,female,no,29,no
65,no,94,yes,50,yes,188000,1,140,male,no,29,yes
69,no,582,yes,35,no,228000,3.5,134,male,no,30,yes
90,yes,60,yes,50,no,226000,1,134,male,no,30,yes
82,yes,855,yes,50,yes,321000,1,145,female,no,30,yes
60,no,2656,yes,30,no,305000,2.3,137,male,no,30,no
60,no,235,yes,38,no,329000,3,142,female,no,30,yes
70,no,582,no,20,yes,263358.03,1.83,134,male,yes,31,yes
50,no,124,yes,30,yes,153000,1.2,136,female,yes,32,yes
70,no,571,yes,45,yes,185000,1.2,139,male,yes,33,yes
72,no,127,yes,50,yes,218000,1,134,male,no,33,no
60,yes,588,yes,60,no,194000,1.1,142,female,no,33,yes
50,no,582,yes,38,no,310000,1.9,135,male,yes,35,yes
51,no,1380,no,25,yes,271000,0.9,130,male,no,38,yes
60,no,582,yes,38,yes,451000,0.6,138,male,yes,40,yes
80,yes,553,no,20,yes,140000,4.4,133,male,no,41,yes
57,yes,129,no,30,no,395000,1,140,female,no,42,yes
68,yes,577,no,25,yes,166000,1,138,male,no,43,yes
53,yes,91,no,20,yes,418000,1.4,139,female,no,43,yes
60,no,3964,yes,62,no,263358.03,6.8,146,female,no,43,yes
70,yes,69,yes,50,yes,351000,1,134,female,no,44,yes
60,yes,260,yes,38,no,255000,2.2,132,female,yes,45,yes
95,yes,371,no,30,no,461000,2,132,male,no,50,yes
70,yes,75,no,35,no,223000,2.7,138,male,yes,54,no
60,yes,607,no,40,no,216000,0.6,138,male,yes,54,no
49,no,789,no,20,yes,319000,1.1,136,male,yes,55,yes
72,no,364,yes,20,yes,254000,1.3,136,male,yes,59,yes
45,no,7702,yes,25,yes,390000,1,139,male,no,60,yes
50,no,318,no,40,yes,216000,2.3,131,female,no,60,yes
55,no,109,no,35,no,254000,1.1,139,male,yes,60,no
45,no,582,no,35,no,385000,1,145,male,no,61,yes
45,no,582,no,80,no,263358.03,1.18,137,female,no,63,no
60,no,68,no,20,no,119000,2.9,127,male,yes,64,yes
42,yes,250,yes,15,no,213000,1.3,136,female,no,65,yes
72,yes,110,no,25,no,274000,1,140,male,yes,65,yes
70,no,161,no,25,no,244000,1.2,142,female,no,66,yes
65,no,113,yes,25,no,497000,1.83,135,male,no,67,yes
41,no,148,no,40,no,374000,0.8,140,male,yes,68,no
58,no,582,yes,35,no,122000,0.9,139,male,yes,71,no
85,no,5882,no,35,no,243000,1,132,male,yes,72,yes
65,no,224,yes,50,no,149000,1.3,137,male,yes,72,no
69,no,582,no,20,no,266000,1.2,134,male,yes,73,yes
60,yes,47,no,20,no,204000,0.7,139,male,yes,73,yes
70,no,92,no,60,yes,317000,0.8,140,female,yes,74,no
42,no,102,yes,40,no,237000,1.2,140,male,no,74,no
75,yes,203,yes,38,yes,283000,0.6,131,male,yes,74,no
55,no,336,no,45,yes,324000,0.9,140,female,no,74,no
70,no,69,no,40,no,293000,1.7,136,female,no,75,no
67,no,582,no,50,no,263358.03,1.18,137,male,yes,76,no
60,yes,76,yes,25,no,196000,2.5,132,female,no,77,yes
79,yes,55,no,50,yes,172000,1.8,133,male,no,78,no
59,yes,280,yes,25,yes,302000,1,141,female,no,78,yes
51,no,78,no,50,no,406000,0.7,140,male,no,79,no
55,no,47,no,35,yes,173000,1.1,137,male,no,79,no
65,yes,68,yes,60,yes,304000,0.8,140,male,no,79,no
44,no,84,yes,40,yes,235000,0.7,139,male,no,79,no
57,yes,115,no,25,yes,181000,1.1,144,male,no,79,no
70,no,66,yes,45,no,249000,0.8,136,male,yes,80,no
60,no,897,yes,45,no,297000,1,133,male,no,80,no
42,no,582,no,60,no,263358.03,1.18,137,female,no,82,no
60,yes,154,no,25,no,210000,1.7,135,male,no,82,yes
58,no,144,yes,38,yes,327000,0.7,142,female,no,83,no
58,yes,133,no,60,yes,219000,1,141,male,no,83,no
63,yes,514,yes,25,yes,254000,1.3,134,male,no,83,no
70,yes,59,no,60,no,255000,1.1,136,female,no,85,no
60,yes,156,yes,25,yes,318000,1.2,137,female,no,85,no
63,yes,61,yes,40,no,221000,1.1,140,female,no,86,no
65,yes,305,no,25,no,298000,1.1,141,male,no,87,no
75,no,582,no,45,yes,263358.03,1.18,137,male,no,87,no
80,no,898,no,25,no,149000,1.1,144,male,yes,87,no
42,no,5209,no,30,no,226000,1,140,male,yes,87,no
60,no,53,no,50,yes,286000,2.3,143,female,no,87,no
72,yes,328,no,30,yes,621000,1.7,138,female,yes,88,yes
55,no,748,no,45,no,263000,1.3,137,male,no,88,no
45,yes,1876,yes,35,no,226000,0.9,138,male,no,88,no
63,no,936,no,38,no,304000,1.1,133,male,yes,88,no
45,no,292,yes,35,no,850000,1.3,142,male,yes,88,no
85,no,129,no,60,no,306000,1.2,132,male,yes,90,yes
55,no,60,no,35,no,228000,1.2,135,male,yes,90,no
50,no,369,yes,25,no,252000,1.6,136,male,no,90,no
70,yes,143,no,60,no,351000,1.3,137,female,no,90,yes
60,yes,754,yes,40,yes,328000,1.2,126,male,no,91,no
58,yes,400,no,40,no,164000,1,139,female,no,91,no
60,yes,96,yes,60,yes,271000,0.7,136,female,no,94,no
85,yes,102,no,60,no,507000,3.2,138,female,no,94,no
65,yes,113,yes,60,yes,203000,0.9,140,female,no,94,no
86,no,582,no,38,no,263358.03,1.83,134,female,no,95,yes
60,yes,737,no,60,yes,210000,1.5,135,male,yes,95,no
66,yes,68,yes,38,yes,162000,1,136,female,no,95,no
60,no,96,yes,38,no,228000,0.75,140,female,no,95,no
60,yes,582,no,30,yes,127000,0.9,145,female,no,95,no
60,no,582,no,40,no,217000,3.7,134,male,no,96,yes
43,yes,358,no,50,no,237000,1.3,135,female,no,97,no
46,no,168,yes,17,yes,271000,2.1,124,female,no,100,yes
58,yes,200,yes,60,no,300000,0.8,137,female,no,104,no
61,no,248,no,30,yes,267000,0.7,136,male,yes,104,no
53,yes,270,yes,35,no,227000,3.4,145,male,no,105,no
53,yes,1808,no,60,yes,249000,0.7,138,male,yes,106,no
60,yes,1082,yes,45,no,250000,6.1,131,male,no,107,no
46,no,719,no,40,yes,263358.03,1.18,137,female,no,107,no
63,no,193,no,60,yes,295000,1.3,145,male,yes,107,no
81,no,4540,no,35,no,231000,1.18,137,male,yes,107,no
75,no,582,no,40,no,263358.03,1.18,137,male,no,107,no
65,yes,59,yes,60,no,172000,0.9,137,female,no,107,no
68,yes,646,no,25,no,305000,2.1,130,male,no,108,no
62,no,281,yes,35,no,221000,1,136,female,no,108,no
50,no,1548,no,30,yes,211000,0.8,138,male,no,108,no
80,no,805,no,38,no,263358.03,1.1,134,male,no,109,yes
46,yes,291,no,35,no,348000,0.9,140,female,no,109,no
50,no,482,yes,30,no,329000,0.9,132,female,no,109,no
61,yes,84,no,40,yes,229000,0.9,141,female,no,110,no
72,yes,943,no,25,yes,338000,1.7,139,male,yes,111,yes
50,no,185,no,30,no,266000,0.7,141,male,yes,112,no
52,no,132,no,30,no,218000,0.7,136,male,yes,112,no
64,no,1610,no,60,no,242000,1,137,male,no,113,no
75,yes,582,no,30,no,225000,1.83,134,male,no,113,yes
60,no,2261,no,35,yes,228000,0.9,136,male,no,115,no
72,no,233,no,45,yes,235000,2.5,135,female,no,115,yes
62,no,30,yes,60,yes,244000,0.9,139,male,no,117,no
50,no,115,no,45,yes,184000,0.9,134,male,yes,118,no
50,no,1846,yes,35,no,263358.03,1.18,137,male,yes,119,no
65,yes,335,no,35,yes,235000,0.8,136,female,no,120,no
60,yes,231,yes,25,no,194000,1.7,140,male,no,120,no
52,yes,58,no,35,no,277000,1.4,136,female,no,120,no
50,no,250,no,25,no,262000,1,136,male,yes,120,no
85,yes,910,no,50,no,235000,1.3,134,male,no,121,no
59,yes,129,no,45,yes,362000,1.1,139,male,yes,121,no
66,yes,72,no,40,yes,242000,1.2,134,male,no,121,no
45,yes,130,no,35,no,174000,0.8,139,male,yes,121,no
63,yes,582,no,40,no,448000,0.9,137,male,yes,123,no
50,yes,2334,yes,35,no,75000,0.9,142,female,no,126,yes
45,no,2442,yes,30,no,334000,1.1,139,male,no,129,yes
80,no,776,yes,38,yes,192000,1.3,135,female,no,130,yes
53,no,196,no,60,no,220000,0.7,133,male,yes,134,no
59,no,66,yes,20,no,70000,2.4,134,male,no,135,yes
65,no,582,yes,40,no,270000,1,138,female,no,140,no
70,no,835,no,35,yes,305000,0.8,133,female,no,145,no
51,yes,582,yes,35,no,263358.03,1.5,136,male,yes,145,no
52,no,3966,no,40,no,325000,0.9,140,male,yes,146,no
70,yes,171,no,60,yes,176000,1.1,145,male,yes,146,no
50,yes,115,no,20,no,189000,0.8,139,male,no,146,no
65,no,198,yes,35,yes,281000,0.9,137,male,yes,146,no
60,yes,95,no,60,no,337000,1,138,male,yes,146,no
69,no,1419,no,40,no,105000,1,135,male,yes,147,no
49,yes,69,no,50,no,132000,1,140,female,no,147,no
63,yes,122,yes,60,no,267000,1.2,145,male,no,147,no
55,no,835,no,40,no,279000,0.7,140,male,yes,147,no
40,no,478,yes,30,no,303000,0.9,136,male,no,148,no
59,yes,176,yes,25,no,221000,1,136,male,yes,150,yes
65,no,395,yes,25,no,265000,1.2,136,male,yes,154,yes
75,no,99,no,38,yes,224000,2.5,134,male,no,162,yes
58,yes,145,no,25,no,219000,1.2,137,male,yes,170,yes
60.667,yes,104,yes,30,no,389000,1.5,136,male,no,171,yes
50,no,582,no,50,no,153000,0.6,134,female,no,172,yes
60,no,1896,yes,25,no,365000,2.1,144,female,no,172,yes
60.667,yes,151,yes,40,yes,201000,1,136,female,no,172,no
40,no,244,no,45,yes,275000,0.9,140,female,no,174,no
80,no,582,yes,35,no,350000,2.1,134,male,no,174,no
64,yes,62,no,60,no,309000,1.5,135,female,no,174,no
50,yes,121,yes,40,no,260000,0.7,130,male,no,175,no
73,yes,231,yes,30,no,160000,1.18,142,male,yes,180,no
45,no,582,no,20,yes,126000,1.6,135,male,no,180,yes
77,yes,418,no,45,no,223000,1.8,145,male,no,180,yes
45,no,582,yes,38,yes,263358.03,1.18,137,female,no,185,no
65,no,167,no,30,no,259000,0.8,138,female,no,186,no
50,yes,582,yes,20,yes,279000,1,134,female,no,186,no
60,no,1211,yes,35,no,263358.03,1.8,113,male,yes,186,no
63,yes,1767,no,45,no,73000,0.7,137,male,no,186,no
45,no,308,yes,60,yes,377000,1,136,male,no,186,no
70,no,97,no,60,yes,220000,0.9,138,male,no,186,no
60,no,59,no,25,yes,212000,3.5,136,male,yes,187,no
78,yes,64,no,40,no,277000,0.7,137,male,yes,187,no
50,yes,167,yes,45,no,362000,1,136,female,no,187,no
40,yes,101,no,40,no,226000,0.8,141,female,no,187,no
85,no,212,no,38,no,186000,0.9,136,male,no,187,no
60,yes,2281,yes,40,no,283000,1,141,female,no,187,no
49,no,972,yes,35,yes,268000,0.8,130,female,no,187,no
70,no,212,yes,17,yes,389000,1,136,male,yes,188,no
50,no,582,no,62,yes,147000,0.8,140,male,yes,192,no
78,no,224,no,50,no,481000,1.4,138,male,yes,192,no
48,yes,131,yes,30,yes,244000,1.6,130,female,no,193,yes
65,yes,135,no,35,yes,290000,0.8,134,male,no,194,no
73,no,582,no,35,yes,203000,1.3,134,male,no,195,no
70,no,1202,no,50,yes,358000,0.9,141,female,no,196,no
54,yes,427,no,70,yes,151000,9,137,female,no,196,yes
68,yes,1021,yes,35,no,271000,1.1,134,male,no,197,no
55,no,582,yes,35,yes,371000,0.7,140,female,no,197,no
73,no,582,no,20,no,263358.03,1.83,134,male,no,198,yes
65,no,118,no,50,no,194000,1.1,145,male,yes,200,no
42,yes,86,no,35,no,365000,1.1,139,male,yes,201,no
47,no,582,no,25,no,130000,0.8,134,male,no,201,no
58,no,582,yes,25,no,504000,1,138,male,no,205,no
75,no,675,yes,60,no,265000,1.4,125,female,no,205,no
58,yes,57,no,25,no,189000,1.3,132,male,yes,205,no
55,yes,2794,no,35,yes,141000,1,140,male,no,206,no
65,no,56,no,25,no,237000,5,130,female,no,207,no
72,no,211,no,25,no,274000,1.2,134,female,no,207,no
60,no,166,no,30,no,62000,1.7,127,female,no,207,yes
70,no,93,no,35,no,185000,1.1,134,male,yes,208,no
40,yes,129,no,35,no,255000,0.9,137,male,no,209,no
53,yes,707,no,38,no,330000,1.4,137,male,yes,209,no
53,yes,582,no,45,no,305000,1.1,137,male,yes,209,no
77,yes,109,no,50,yes,406000,1.1,137,male,no,209,no
75,no,119,no,50,yes,248000,1.1,148,male,no,209,no
70,no,232,no,30,no,173000,1.2,132,male,no,210,no
65,yes,720,yes,40,no,257000,1,136,female,no,210,no
55,yes,180,no,45,no,263358.03,1.18,137,male,yes,211,no
70,no,81,yes,35,yes,533000,1.3,139,female,no,212,no
65,no,582,yes,30,no,249000,1.3,136,male,yes,212,no
40,no,90,no,35,no,255000,1.1,136,male,yes,212,no
73,yes,1185,no,40,yes,220000,0.9,141,female,no,213,no
54,no,582,yes,38,no,264000,1.8,134,male,no,213,no
61,yes,80,yes,38,no,282000,1.4,137,male,no,213,no
55,no,2017,no,25,no,314000,1.1,138,male,no,214,yes
64,no,143,no,25,no,246000,2.4,135,male,no,214,no
40,no,624,no,35,no,301000,1,142,male,yes,214,no
53,no,207,yes,40,no,223000,1.2,130,female,no,214,no
50,no,2522,no,30,yes,404000,0.5,139,female,no,214,no
55,no,572,yes,35,no,231000,0.8,143,female,no,215,no
50,no,245,no,45,yes,274000,1,133,male,no,215,no
70,no,88,yes,35,yes,236000,1.2,132,female,no,215,no
53,yes,446,no,60,yes,263358.03,1,139,male,no,215,no
52,yes,191,yes,30,yes,334000,1,142,male,yes,216,no
65,no,326,no,38,no,294000,1.7,139,female,no,220,no
58,no,132,yes,38,yes,253000,1,139,male,no,230,no
45,yes,66,yes,25,no,233000,0.8,135,male,no,230,no
53,no,56,no,50,no,308000,0.7,135,male,yes,231,no
55,no,66,no,40,no,203000,1,138,male,no,233,no
62,yes,655,no,40,no,283000,0.7,133,female,no,233,no
65,yes,258,yes,25,no,198000,1.4,129,male,no,235,yes
68,yes,157,yes,60,no,208000,1,140,female,no,237,no
61,no,582,yes,38,no,147000,1.2,141,male,no,237,no
50,yes,298,no,35,no,362000,0.9,140,male,yes,240,no
55,no,1199,no,20,no,263358.03,1.83,134,male,yes,241,yes
56,yes,135,yes,38,no,133000,1.7,140,male,no,244,no
45,no,582,yes,38,no,302000,0.9,140,female,no,244,no
40,no,582,yes,35,no,222000,1,132,male,no,244,no
44,no,582,yes,30,yes,263358.03,1.6,130,male,yes,244,no
51,no,582,yes,40,no,221000,0.9,134,female,no,244,no
67,no,213,no,38,no,215000,1.2,133,female,no,245,no
42,no,64,no,40,no,189000,0.7,140,male,no,245,no
60,yes,257,yes,30,no,150000,1,137,male,yes,245,no
45,no,582,no,38,yes,422000,0.8,137,female,no,245,no
70,no,618,no,35,no,327000,1.1,142,female,no,245,no
70,no,582,yes,38,no,25100,1.1,140,male,no,246,no
50,yes,1051,yes,30,no,232000,0.7,136,female,no,246,no
55,no,84,yes,38,no,451000,1.3,136,female,no,246,no
70,no,2695,yes,40,no,241000,1,137,male,no,247,no
70,no,582,no,40,no,51000,2.7,136,male,yes,250,no
42,no,64,no,30,no,215000,3.8,128,male,yes,250,no
65,no,1688,no,38,no,263358.03,1.1,138,male,yes,250,no
50,yes,54,no,40,no,279000,0.8,141,male,no,250,no
55,yes,170,yes,40,no,336000,1.2,135,male,no,250,no
60,no,253,no,35,no,279000,1.7,140,male,no,250,no
45,no,582,yes,55,no,543000,1,132,female,no,250,no
65,no,892,yes,35,no,263358.03,1.1,142,female,no,256,no
90,yes,337,no,38,no,390000,0.9,144,female,no,256,no
45,no,615,yes,55,no,222000,0.8,141,female,no,257,no
60,no,320,no,35,no,133000,1.4,139,male,no,258,no
52,no,190,yes,38,no,382000,1,140,male,yes,258,no
63,yes,103,yes,35,no,179000,0.9,136,male,yes,270,no
62,no,61,yes,38,yes,155000,1.1,143,male,yes,270,no
55,no,1820,no,38,no,270000,1.2,139,female,no,271,no
45,no,2060,yes,60,no,742000,0.8,138,female,no,278,no
45,no,2413,no,38,no,140000,1.4,140,male,yes,280,no
50,no,196,no,45,no,395000,1.6,136,male,yes,285,no
